{
	"populations": {
		"circuit": {
			"neurons": {
				"0": {
					"pos": [
						-2,
						-2,
						-1.5999999999999999
					],
					"size": 1
				},
				"1": {
					"pos": [
						-0.6666666666666667,
						-2,
						-1.5999999999999999
					],
					"size": 1
				},
				"2": {
					"pos": [
						0.6666666666666665,
						-2,
						-1.5999999999999999
					],
					"size": 1
				},
				"3": {
					"pos": [
						2,
						-2,
						-1.5999999999999999
					],
					"size": 1
				},
				"4": {
					"pos": [
						-2,
						-0.6666666666666667,
						-1.5999999999999999
					],
					"size": 1
				},
				"5": {
					"pos": [
						-0.6666666666666667,
						-0.6666666666666667,
						-1.5999999999999999
					],
					"size": 1
				},
				"6": {
					"pos": [
						0.6666666666666665,
						-0.6666666666666667,
						-1.5999999999999999
					],
					"size": 1
				},
				"7": {
					"pos": [
						2,
						-0.6666666666666667,
						-1.5999999999999999
					],
					"size": 1
				},
				"8": {
					"pos": [
						-2,
						0.6666666666666665,
						-1.5999999999999999
					],
					"size": 1
				},
				"9": {
					"pos": [
						-0.6666666666666667,
						0.6666666666666665,
						-1.5999999999999999
					],
					"size": 1
				},
				"10": {
					"pos": [
						0.6666666666666665,
						0.6666666666666665,
						-1.5999999999999999
					],
					"size": 1
				},
				"11": {
					"pos": [
						2,
						0.6666666666666665,
						-1.5999999999999999
					],
					"size": 1
				},
				"12": {
					"pos": [
						-2,
						2,
						-1.5999999999999999
					],
					"size": 1
				},
				"13": {
					"pos": [
						2,
						2,
						-1.5999999999999999
					],
					"size": 1
				}
			},
			"color": "hsl(0,100%,80%)"
		},
		"population_0": {
			"neurons": {
				"0": {
					"pos": [
						-2,
						-2,
						-0.7999999999999998
					],
					"size": 1
				},
				"1": {
					"pos": [
						0,
						-2,
						-0.7999999999999998
					],
					"size": 1
				},
				"2": {
					"pos": [
						2,
						-2,
						-0.7999999999999998
					],
					"size": 1
				},
				"3": {
					"pos": [
						-2,
						2,
						-0.7999999999999998
					],
					"size": 1
				},
				"4": {
					"pos": [
						2,
						2,
						-0.7999999999999998
					],
					"size": 1
				}
			},
			"color": "hsl(60,100%,80%)"
		},
		"population_1": {
			"neurons": {
				"0": {
					"pos": [
						-2,
						-2,
						2.220446049250313e-16
					],
					"size": 1
				},
				"1": {
					"pos": [
						2,
						-2,
						2.220446049250313e-16
					],
					"size": 1
				},
				"2": {
					"pos": [
						-2,
						2,
						2.220446049250313e-16
					],
					"size": 1
				}
			},
			"color": "hsl(120,100%,80%)"
		},
		"population_2": {
			"neurons": {
				"0": {
					"pos": [
						-2,
						-2,
						0.8000000000000003
					],
					"size": 1
				}
			},
			"color": "hsl(180,100%,80%)"
		},
		"population_3": {
			"neurons": {
				"0": {
					"pos": [
						-2,
						-2,
						1.6000000000000003
					],
					"size": 1
				},
				"1": {
					"pos": [
						2,
						-2,
						1.6000000000000003
					],
					"size": 1
				}
			},
			"color": "hsl(240,100%,80%)"
		}
	},
	"scale": 1
}